Code,Name,Year,Population
E09000001,City of London,1999,6581
E09000001,City of London,2000,7014
E09000001,City of London,2001,7359
E09000001,City of London,2002,7280
E09000001,City of London,2003,7115
E09000001,City of London,2004,7118
E09000001,City of London,2005,7131
E09000001,City of London,2006,7254
E09000001,City of London,2007,7607
E09000001,City of London,2008,7429
E09000001,City of London,2009,7472
E09000001,City of London,2010,7338
E09000001,City of London,2011,7412
E09000001,City of London,2012,7204
E09000001,City of London,2013,6848
E09000001,City of London,2014,6872
E09000001,City of London,2015,7160
E09000001,City of London,2016,7401
E09000001,City of London,2017,7405
E09000001,City of London,2018,7681
E09000001,City of London,2019,7953
E09000001,City of London,2020,8046
E09000001,City of London,2021,8164
E09000001,City of London,2022,8289
E09000001,City of London,2023,8408
E09000001,City of London,2024,8526
E09000001,City of London,2025,8661
E09000001,City of London,2026,8802
E09000001,City of London,2027,8940
E09000001,City of London,2028,9075
E09000001,City of London,2029,9211
E09000001,City of London,2030,9367
E09000001,City of London,2031,9508
E09000001,City of London,2032,9640
E09000001,City of London,2033,9767
E09000001,City of London,2034,9892
E09000001,City of London,2035,10001
E09000001,City of London,2036,10097
E09000001,City of London,2037,10188
E09000001,City of London,2038,10278
E09000001,City of London,2039,10366
E09000001,City of London,2040,10448
E09000001,City of London,2041,10531
E09000001,City of London,2042,10552
E09000001,City of London,2043,10561
E09000001,City of London,2044,10568
E09000001,City of London,2045,10575
E09000001,City of London,2046,10583
E09000001,City of London,2047,10587
E09000001,City of London,2048,10590
E09000001,City of London,2049,10596
E09000001,City of London,2050,10604
E09000002,Barking and Dagenham,1999,162444
E09000002,Barking and Dagenham,2000,163893
E09000002,Barking and Dagenham,2001,165654
E09000002,Barking and Dagenham,2002,166357
E09000002,Barking and Dagenham,2003,166210
E09000002,Barking and Dagenham,2004,165610
E09000002,Barking and Dagenham,2005,166275
E09000002,Barking and Dagenham,2006,167157
E09000002,Barking and Dagenham,2007,169031
E09000002,Barking and Dagenham,2008,172452
E09000002,Barking and Dagenham,2009,177580
E09000002,Barking and Dagenham,2010,182838
E09000002,Barking and Dagenham,2011,187418
E09000002,Barking and Dagenham,2012,190949
E09000002,Barking and Dagenham,2013,194741
E09000002,Barking and Dagenham,2014,198683
E09000002,Barking and Dagenham,2015,202368
E09000002,Barking and Dagenham,2016,206849
E09000002,Barking and Dagenham,2017,210513
E09000002,Barking and Dagenham,2018,212773
E09000002,Barking and Dagenham,2019,214858
E09000002,Barking and Dagenham,2020,218367
E09000002,Barking and Dagenham,2021,221495
E09000002,Barking and Dagenham,2022,224407
E09000002,Barking and Dagenham,2023,226988
E09000002,Barking and Dagenham,2024,229337
E09000002,Barking and Dagenham,2025,234317
E09000002,Barking and Dagenham,2026,239301
E09000002,Barking and Dagenham,2027,244088
E09000002,Barking and Dagenham,2028,248726
E09000002,Barking and Dagenham,2029,253501
E09000002,Barking and Dagenham,2030,260560
E09000002,Barking and Dagenham,2031,267130
E09000002,Barking and Dagenham,2032,273369
E09000002,Barking and Dagenham,2033,279501
E09000002,Barking and Dagenham,2034,285672
E09000002,Barking and Dagenham,2035,290428
E09000002,Barking and Dagenham,2036,294770
E09000002,Barking and Dagenham,2037,298772
E09000002,Barking and Dagenham,2038,302771
E09000002,Barking and Dagenham,2039,306813
E09000002,Barking and Dagenham,2040,311674
E09000002,Barking and Dagenham,2041,316582
E09000002,Barking and Dagenham,2042,317267
E09000002,Barking and Dagenham,2043,317574
E09000002,Barking and Dagenham,2044,317811
E09000002,Barking and Dagenham,2045,318243
E09000002,Barking and Dagenham,2046,318881
E09000002,Barking and Dagenham,2047,319622
E09000002,Barking and Dagenham,2048,320408
E09000002,Barking and Dagenham,2049,321349
E09000002,Barking and Dagenham,2050,322490
E09000003,Barnet,1999,313469
E09000003,Barnet,2000,315784
E09000003,Barnet,2001,319481
E09000003,Barnet,2002,320552
E09000003,Barnet,2003,321802
E09000003,Barnet,2004,323723
E09000003,Barnet,2005,327541
E09000003,Barnet,2006,330801
E09000003,Barnet,2007,334837
E09000003,Barnet,2008,339212
E09000003,Barnet,2009,345829
E09000003,Barnet,2010,351438
E09000003,Barnet,2011,357653
E09000003,Barnet,2012,364071
E09000003,Barnet,2013,369203
E09000003,Barnet,2014,375030
E09000003,Barnet,2015,379806
E09000003,Barnet,2016,386198
E09000003,Barnet,2017,391446
E09000003,Barnet,2018,397049
E09000003,Barnet,2019,402363
E09000003,Barnet,2020,407148
E09000003,Barnet,2021,411275
E09000003,Barnet,2022,415041
E09000003,Barnet,2023,418291
E09000003,Barnet,2024,420924
E09000003,Barnet,2025,422894
E09000003,Barnet,2026,424509
E09000003,Barnet,2027,426267
E09000003,Barnet,2028,431140
E09000003,Barnet,2029,436032
E09000003,Barnet,2030,438006
E09000003,Barnet,2031,439515
E09000003,Barnet,2032,441391
E09000003,Barnet,2033,443373
E09000003,Barnet,2034,445344
E09000003,Barnet,2035,448191
E09000003,Barnet,2036,451348
E09000003,Barnet,2037,454571
E09000003,Barnet,2038,457814
E09000003,Barnet,2039,461003
E09000003,Barnet,2040,463879
E09000003,Barnet,2041,466528
E09000003,Barnet,2042,469995
E09000003,Barnet,2043,473740
E09000003,Barnet,2044,477659
E09000003,Barnet,2045,481750
E09000003,Barnet,2046,486023
E09000003,Barnet,2047,490329
E09000003,Barnet,2048,494586
E09000003,Barnet,2049,498953
E09000003,Barnet,2050,503490
E09000004,Bexley,1999,217458
E09000004,Bexley,2000,218717
E09000004,Bexley,2001,218757
E09000004,Bexley,2002,219123
E09000004,Bexley,2003,220016
E09000004,Bexley,2004,220917
E09000004,Bexley,2005,222391
E09000004,Bexley,2006,223280
E09000004,Bexley,2007,224625
E09000004,Bexley,2008,226652
E09000004,Bexley,2009,228146
E09000004,Bexley,2010,230711
E09000004,Bexley,2011,233002
E09000004,Bexley,2012,234499
E09000004,Bexley,2013,236915
E09000004,Bexley,2014,240093
E09000004,Bexley,2015,242370
E09000004,Bexley,2016,244988
E09000004,Bexley,2017,247179
E09000004,Bexley,2018,249999
E09000004,Bexley,2019,252885
E09000004,Bexley,2020,254970
E09000004,Bexley,2021,256845
E09000004,Bexley,2022,258607
E09000004,Bexley,2023,260232
E09000004,Bexley,2024,262798
E09000004,Bexley,2025,265249
E09000004,Bexley,2026,267652
E09000004,Bexley,2027,270003
E09000004,Bexley,2028,272252
E09000004,Bexley,2029,274487
E09000004,Bexley,2030,276493
E09000004,Bexley,2031,278017
E09000004,Bexley,2032,279349
E09000004,Bexley,2033,280577
E09000004,Bexley,2034,281762
E09000004,Bexley,2035,283461
E09000004,Bexley,2036,285385
E09000004,Bexley,2037,287373
E09000004,Bexley,2038,289399
E09000004,Bexley,2039,291406
E09000004,Bexley,2040,293227
E09000004,Bexley,2041,294925
E09000004,Bexley,2042,297138
E09000004,Bexley,2043,299505
E09000004,Bexley,2044,301953
E09000004,Bexley,2045,303673
E09000004,Bexley,2046,303924
E09000004,Bexley,2047,304088
E09000004,Bexley,2048,304201
E09000004,Bexley,2049,304411
E09000004,Bexley,2050,304657
E09000005,Brent,1999,260317
E09000005,Brent,2000,264945
E09000005,Brent,2001,269620
E09000005,Brent,2002,269871
E09000005,Brent,2003,268323
E09000005,Brent,2004,268335
E09000005,Brent,2005,270939
E09000005,Brent,2006,276504
E09000005,Brent,2007,283273
E09000005,Brent,2008,290901
E09000005,Brent,2009,298118
E09000005,Brent,2010,304785
E09000005,Brent,2011,313084
E09000005,Brent,2012,315499
E09000005,Brent,2013,318103
E09000005,Brent,2014,321601
E09000005,Brent,2015,324851
E09000005,Brent,2016,329093
E09000005,Brent,2017,332750
E09000005,Brent,2018,336859
E09000005,Brent,2019,340710
E09000005,Brent,2020,343853
E09000005,Brent,2021,346437
E09000005,Brent,2022,348783
E09000005,Brent,2023,350714
E09000005,Brent,2024,353130
E09000005,Brent,2025,358170
E09000005,Brent,2026,363285
E09000005,Brent,2027,368396
E09000005,Brent,2028,373445
E09000005,Brent,2029,378557
E09000005,Brent,2030,382415
E09000005,Brent,2031,385760
E09000005,Brent,2032,388788
E09000005,Brent,2033,391791
E09000005,Brent,2034,394795
E09000005,Brent,2035,395877
E09000005,Brent,2036,396410
E09000005,Brent,2037,396914
E09000005,Brent,2038,397614
E09000005,Brent,2039,398411
E09000005,Brent,2040,399034
E09000005,Brent,2041,400066
E09000005,Brent,2042,401368
E09000005,Brent,2043,402989
E09000005,Brent,2044,404815
E09000005,Brent,2045,406836
E09000005,Brent,2046,409054
E09000005,Brent,2047,411338
E09000005,Brent,2048,413613
E09000005,Brent,2049,416017
E09000005,Brent,2050,418595
E09000006,Bromley,1999,294902
E09000006,Bromley,2000,295317
E09000006,Bromley,2001,296218
E09000006,Bromley,2002,296668
E09000006,Bromley,2003,297253
E09000006,Bromley,2004,297307
E09000006,Bromley,2005,299421
E09000006,Bromley,2006,300963
E09000006,Bromley,2007,302625
E09000006,Bromley,2008,304968
E09000006,Bromley,2009,306924
E09000006,Bromley,2010,308560
E09000006,Bromley,2011,311110
E09000006,Bromley,2012,314592
E09000006,Bromley,2013,318455
E09000006,Bromley,2014,321834
E09000006,Bromley,2015,325413
E09000006,Bromley,2016,327445
E09000006,Bromley,2017,330909
E09000006,Bromley,2018,332733
E09000006,Bromley,2019,334292
E09000006,Bromley,2020,336395
E09000006,Bromley,2021,339466
E09000006,Bromley,2022,342548
E09000006,Bromley,2023,345216
E09000006,Bromley,2024,347455
E09000006,Bromley,2025,349207
E09000006,Bromley,2026,350694
E09000006,Bromley,2027,351840
E09000006,Bromley,2028,353322
E09000006,Bromley,2029,355195
E09000006,Bromley,2030,356489
E09000006,Bromley,2031,358289
E09000006,Bromley,2032,360298
E09000006,Bromley,2033,362341
E09000006,Bromley,2034,364344
E09000006,Bromley,2035,366962
E09000006,Bromley,2036,369808
E09000006,Bromley,2037,372703
E09000006,Bromley,2038,374053
E09000006,Bromley,2039,374843
E09000006,Bromley,2040,375433
E09000006,Bromley,2041,376074
E09000006,Bromley,2042,376780
E09000006,Bromley,2043,377125
E09000006,Bromley,2044,377399
E09000006,Bromley,2045,377690
E09000006,Bromley,2046,377998
E09000006,Bromley,2047,378210
E09000006,Bromley,2048,378364
E09000006,Bromley,2049,378635
E09000006,Bromley,2050,378948
E09000007,Camden,1999,190003
E09000007,Camden,2000,196174
E09000007,Camden,2001,202567
E09000007,Camden,2002,203972
E09000007,Camden,2003,204254
E09000007,Camden,2004,207341
E09000007,Camden,2005,211088
E09000007,Camden,2006,211032
E09000007,Camden,2007,211520
E09000007,Camden,2008,210273
E09000007,Camden,2009,212924
E09000007,Camden,2010,214725
E09000007,Camden,2011,220087
E09000007,Camden,2012,224961
E09000007,Camden,2013,229718
E09000007,Camden,2014,234845
E09000007,Camden,2015,241058
E09000007,Camden,2016,246180
E09000007,Camden,2017,249556
E09000007,Camden,2018,252637
E09000007,Camden,2019,255526
E09000007,Camden,2020,257384
E09000007,Camden,2021,259344
E09000007,Camden,2022,261082
E09000007,Camden,2023,262494
E09000007,Camden,2024,263550
E09000007,Camden,2025,264300
E09000007,Camden,2026,264913
E09000007,Camden,2027,265335
E09000007,Camden,2028,265446
E09000007,Camden,2029,265349
E09000007,Camden,2030,266386
E09000007,Camden,2031,267884
E09000007,Camden,2032,269417
E09000007,Camden,2033,270854
E09000007,Camden,2034,272206
E09000007,Camden,2035,274188
E09000007,Camden,2036,276315
E09000007,Camden,2037,278397
E09000007,Camden,2038,280405
E09000007,Camden,2039,282304
E09000007,Camden,2040,283914
E09000007,Camden,2041,285322
E09000007,Camden,2042,287315
E09000007,Camden,2043,289439
E09000007,Camden,2044,291607
E09000007,Camden,2045,293811
E09000007,Camden,2046,296065
E09000007,Camden,2047,298274
E09000007,Camden,2048,300394
E09000007,Camden,2049,302554
E09000007,Camden,2050,304798
E09000008,Croydon,1999,332066
E09000008,Croydon,2000,334241
E09000008,Croydon,2001,335112
E09000008,Croydon,2002,335415
E09000008,Croydon,2003,335919
E09000008,Croydon,2004,337134
E09000008,Croydon,2005,339052
E09000008,Croydon,2006,340449
E09000008,Croydon,2007,344029
E09000008,Croydon,2008,349308
E09000008,Croydon,2009,352763
E09000008,Croydon,2010,357951
E09000008,Croydon,2011,364815
E09000008,Croydon,2012,368886
E09000008,Croydon,2013,372752
E09000008,Croydon,2014,376040
E09000008,Croydon,2015,379031
E09000008,Croydon,2016,382304
E09000008,Croydon,2017,386346
E09000008,Croydon,2018,391296
E09000008,Croydon,2019,396548
E09000008,Croydon,2020,400272
E09000008,Croydon,2021,403461
E09000008,Croydon,2022,406399
E09000008,Croydon,2023,411580
E09000008,Croydon,2024,416582
E09000008,Croydon,2025,421090
E09000008,Croydon,2026,425612
E09000008,Croydon,2027,430009
E09000008,Croydon,2028,434268
E09000008,Croydon,2029,438586
E09000008,Croydon,2030,441922
E09000008,Croydon,2031,444573
E09000008,Croydon,2032,446938
E09000008,Croydon,2033,449170
E09000008,Croydon,2034,451309
E09000008,Croydon,2035,452477
E09000008,Croydon,2036,454085
E09000008,Croydon,2037,455882
E09000008,Croydon,2038,457804
E09000008,Croydon,2039,459759
E09000008,Croydon,2040,461477
E09000008,Croydon,2041,463028
E09000008,Croydon,2042,465412
E09000008,Croydon,2043,468103
E09000008,Croydon,2044,470970
E09000008,Croydon,2045,474016
E09000008,Croydon,2046,477261
E09000008,Croydon,2047,480573
E09000008,Croydon,2048,483864
E09000008,Croydon,2049,487291
E09000008,Croydon,2050,490900
E09000009,Ealing,1999,302252
E09000009,Ealing,2000,304370
E09000009,Ealing,2001,307276
E09000009,Ealing,2002,309242
E09000009,Ealing,2003,308108
E09000009,Ealing,2004,310073
E09000009,Ealing,2005,312774
E09000009,Ealing,2006,315329
E09000009,Ealing,2007,318671
E09000009,Ealing,2008,324022
E09000009,Ealing,2009,329966
E09000009,Ealing,2010,334073
E09000009,Ealing,2011,339665
E09000009,Ealing,2012,341022
E09000009,Ealing,2013,342845
E09000009,Ealing,2014,342469
E09000009,Ealing,2015,343410
E09000009,Ealing,2016,343547
E09000009,Ealing,2017,347126
E09000009,Ealing,2018,350784
E09000009,Ealing,2019,354184
E09000009,Ealing,2020,361833
E09000009,Ealing,2021,369685
E09000009,Ealing,2022,377916
E09000009,Ealing,2023,385818
E09000009,Ealing,2024,393434
E09000009,Ealing,2025,397010
E09000009,Ealing,2026,400552
E09000009,Ealing,2027,404119
E09000009,Ealing,2028,407659
E09000009,Ealing,2029,411269
E09000009,Ealing,2030,413618
E09000009,Ealing,2031,415296
E09000009,Ealing,2032,416744
E09000009,Ealing,2033,418140
E09000009,Ealing,2034,419546
E09000009,Ealing,2035,420107
E09000009,Ealing,2036,420144
E09000009,Ealing,2037,420211
E09000009,Ealing,2038,420540
E09000009,Ealing,2039,421017
E09000009,Ealing,2040,421356
E09000009,Ealing,2041,421832
E09000009,Ealing,2042,422957
E09000009,Ealing,2043,424400
E09000009,Ealing,2044,426041
E09000009,Ealing,2045,427873
E09000009,Ealing,2046,429905
E09000009,Ealing,2047,432006
E09000009,Ealing,2048,434102
E09000009,Ealing,2049,436340
E09000009,Ealing,2050,438773
E09000010,Enfield,1999,272731
E09000010,Enfield,2000,275068
E09000010,Enfield,2001,277266
E09000010,Enfield,2002,280745
E09000010,Enfield,2003,281835
E09000010,Enfield,2004,282217
E09000010,Enfield,2005,284779
E09000010,Enfield,2006,287429
E09000010,Enfield,2007,291534
E09000010,Enfield,2008,297443
E09000010,Enfield,2009,301971
E09000010,Enfield,2010,307648
E09000010,Enfield,2011,314011
E09000010,Enfield,2012,317363
E09000010,Enfield,2013,320600
E09000010,Enfield,2014,324650
E09000010,Enfield,2015,328509
E09000010,Enfield,2016,331471
E09000010,Enfield,2017,335647
E09000010,Enfield,2018,337697
E09000010,Enfield,2019,339480
E09000010,Enfield,2020,342993
E09000010,Enfield,2021,346635
E09000010,Enfield,2022,349994
E09000010,Enfield,2023,352879
E09000010,Enfield,2024,355209
E09000010,Enfield,2025,356949
E09000010,Enfield,2026,358342
E09000010,Enfield,2027,359321
E09000010,Enfield,2028,359820
E09000010,Enfield,2029,359937
E09000010,Enfield,2030,361176
E09000010,Enfield,2031,362953
E09000010,Enfield,2032,364916
E09000010,Enfield,2033,366907
E09000010,Enfield,2034,368844
E09000010,Enfield,2035,371481
E09000010,Enfield,2036,374385
E09000010,Enfield,2037,377356
E09000010,Enfield,2038,380361
E09000010,Enfield,2039,383334
E09000010,Enfield,2040,386046
E09000010,Enfield,2041,388564
E09000010,Enfield,2042,391764
E09000010,Enfield,2043,395210
E09000010,Enfield,2044,398809
E09000010,Enfield,2045,401427
E09000010,Enfield,2046,401786
E09000010,Enfield,2047,402018
E09000010,Enfield,2048,402190
E09000010,Enfield,2049,402490
E09000010,Enfield,2050,402838
E09000011,Greenwich,1999,212168
E09000011,Greenwich,2000,214438
E09000011,Greenwich,2001,217460
E09000011,Greenwich,2002,221476
E09000011,Greenwich,2003,224303
E09000011,Greenwich,2004,227190
E09000011,Greenwich,2005,230494
E09000011,Greenwich,2006,233990
E09000011,Greenwich,2007,236535
E09000011,Greenwich,2008,239748
E09000011,Greenwich,2009,243672
E09000011,Greenwich,2010,249171
E09000011,Greenwich,2011,255483
E09000011,Greenwich,2012,260068
E09000011,Greenwich,2013,264008
E09000011,Greenwich,2014,268678
E09000011,Greenwich,2015,274803
E09000011,Greenwich,2016,279766
E09000011,Greenwich,2017,282774
E09000011,Greenwich,2018,286322
E09000011,Greenwich,2019,289650
E09000011,Greenwich,2020,292466
E09000011,Greenwich,2021,294837
E09000011,Greenwich,2022,297039
E09000011,Greenwich,2023,300514
E09000011,Greenwich,2024,306500
E09000011,Greenwich,2025,312027
E09000011,Greenwich,2026,317560
E09000011,Greenwich,2027,323061
E09000011,Greenwich,2028,328388
E09000011,Greenwich,2029,333795
E09000011,Greenwich,2030,339418
E09000011,Greenwich,2031,344437
E09000011,Greenwich,2032,349135
E09000011,Greenwich,2033,353695
E09000011,Greenwich,2034,358219
E09000011,Greenwich,2035,360886
E09000011,Greenwich,2036,363025
E09000011,Greenwich,2037,364972
E09000011,Greenwich,2038,366856
E09000011,Greenwich,2039,368760
E09000011,Greenwich,2040,371519
E09000011,Greenwich,2041,374341
E09000011,Greenwich,2042,375162
E09000011,Greenwich,2043,375549
E09000011,Greenwich,2044,375999
E09000011,Greenwich,2045,376759
E09000011,Greenwich,2046,377807
E09000011,Greenwich,2047,378995
E09000011,Greenwich,2048,380244
E09000011,Greenwich,2049,381675
E09000011,Greenwich,2050,383314
E09000012,Hackney,1999,199087
E09000012,Hackney,2000,203381
E09000012,Hackney,2001,207246
E09000012,Hackney,2002,210961
E09000012,Hackney,2003,212405
E09000012,Hackney,2004,213581
E09000012,Hackney,2005,216512
E09000012,Hackney,2006,220193
E09000012,Hackney,2007,224480
E09000012,Hackney,2008,231041
E09000012,Hackney,2009,236622
E09000012,Hackney,2010,241739
E09000012,Hackney,2011,247578
E09000012,Hackney,2012,252515
E09000012,Hackney,2013,257775
E09000012,Hackney,2014,263546
E09000012,Hackney,2015,269405
E09000012,Hackney,2016,273922
E09000012,Hackney,2017,277475
E09000012,Hackney,2018,281740
E09000012,Hackney,2019,286425
E09000012,Hackney,2020,289488
E09000012,Hackney,2021,292023
E09000012,Hackney,2022,294312
E09000012,Hackney,2023,296177
E09000012,Hackney,2024,297569
E09000012,Hackney,2025,298472
E09000012,Hackney,2026,299126
E09000012,Hackney,2027,299489
E09000012,Hackney,2028,299494
E09000012,Hackney,2029,299220
E09000012,Hackney,2030,300157
E09000012,Hackney,2031,301706
E09000012,Hackney,2032,303472
E09000012,Hackney,2033,305287
E09000012,Hackney,2034,307078
E09000012,Hackney,2035,309588
E09000012,Hackney,2036,312334
E09000012,Hackney,2037,315101
E09000012,Hackney,2038,317824
E09000012,Hackney,2039,320448
E09000012,Hackney,2040,322757
E09000012,Hackney,2041,324824
E09000012,Hackney,2042,327534
E09000012,Hackney,2043,330425
E09000012,Hackney,2044,333410
E09000012,Hackney,2045,336476
E09000012,Hackney,2046,339633
E09000012,Hackney,2047,342776
E09000012,Hackney,2048,345846
E09000012,Hackney,2049,348993
E09000012,Hackney,2050,351640
E09000013,Hammersmith and Fulham,1999,160634
E09000013,Hammersmith and Fulham,2000,164393
E09000013,Hammersmith and Fulham,2001,169374
E09000013,Hammersmith and Fulham,2002,171989
E09000013,Hammersmith and Fulham,2003,171510
E09000013,Hammersmith and Fulham,2004,172083
E09000013,Hammersmith and Fulham,2005,173292
E09000013,Hammersmith and Fulham,2006,174675
E09000013,Hammersmith and Fulham,2007,176472
E09000013,Hammersmith and Fulham,2008,177088
E09000013,Hammersmith and Fulham,2009,180116
E09000013,Hammersmith and Fulham,2010,180842
E09000013,Hammersmith and Fulham,2011,182790
E09000013,Hammersmith and Fulham,2012,180195
E09000013,Hammersmith and Fulham,2013,179030
E09000013,Hammersmith and Fulham,2014,178710
E09000013,Hammersmith and Fulham,2015,179754
E09000013,Hammersmith and Fulham,2016,179998
E09000013,Hammersmith and Fulham,2017,181889
E09000013,Hammersmith and Fulham,2018,184050
E09000013,Hammersmith and Fulham,2019,186075
E09000013,Hammersmith and Fulham,2020,190721
E09000013,Hammersmith and Fulham,2021,195981
E09000013,Hammersmith and Fulham,2022,201406
E09000013,Hammersmith and Fulham,2023,206689
E09000013,Hammersmith and Fulham,2024,211895
E09000013,Hammersmith and Fulham,2025,215227
E09000013,Hammersmith and Fulham,2026,218686
E09000013,Hammersmith and Fulham,2027,222083
E09000013,Hammersmith and Fulham,2028,225391
E09000013,Hammersmith and Fulham,2029,228724
E09000013,Hammersmith and Fulham,2030,234251
E09000013,Hammersmith and Fulham,2031,239390
E09000013,Hammersmith and Fulham,2032,244265
E09000013,Hammersmith and Fulham,2033,249003
E09000013,Hammersmith and Fulham,2034,253686
E09000013,Hammersmith and Fulham,2035,256319
E09000013,Hammersmith and Fulham,2036,258582
E09000013,Hammersmith and Fulham,2037,260678
E09000013,Hammersmith and Fulham,2038,262724
E09000013,Hammersmith and Fulham,2039,264737
E09000013,Hammersmith and Fulham,2040,266557
E09000013,Hammersmith and Fulham,2041,268418
E09000013,Hammersmith and Fulham,2042,269070
E09000013,Hammersmith and Fulham,2043,269366
E09000013,Hammersmith and Fulham,2044,269591
E09000013,Hammersmith and Fulham,2045,269815
E09000013,Hammersmith and Fulham,2046,270052
E09000013,Hammersmith and Fulham,2047,270210
E09000013,Hammersmith and Fulham,2048,270315
E09000013,Hammersmith and Fulham,2049,270525
E09000013,Hammersmith and Fulham,2050,270774
E09000014,Haringey,1999,218559
E09000014,Haringey,2000,219845
E09000014,Haringey,2001,221251
E09000014,Haringey,2002,224474
E09000014,Haringey,2003,225027
E09000014,Haringey,2004,226472
E09000014,Haringey,2005,229271
E09000014,Haringey,2006,233174
E09000014,Haringey,2007,236793
E09000014,Haringey,2008,244459
E09000014,Haringey,2009,249805
E09000014,Haringey,2010,252742
E09000014,Haringey,2011,256438
E09000014,Haringey,2012,259810
E09000014,Haringey,2013,264284
E09000014,Haringey,2014,268439
E09000014,Haringey,2015,273762
E09000014,Haringey,2016,279349
E09000014,Haringey,2017,282397
E09000014,Haringey,2018,284288
E09000014,Haringey,2019,285949
E09000014,Haringey,2020,288913
E09000014,Haringey,2021,291330
E09000014,Haringey,2022,293503
E09000014,Haringey,2023,295263
E09000014,Haringey,2024,296572
E09000014,Haringey,2025,297410
E09000014,Haringey,2026,298020
E09000014,Haringey,2027,298369
E09000014,Haringey,2028,298376
E09000014,Haringey,2029,298109
E09000014,Haringey,2030,298983
E09000014,Haringey,2031,300410
E09000014,Haringey,2032,302018
E09000014,Haringey,2033,303635
E09000014,Haringey,2034,305201
E09000014,Haringey,2035,307422
E09000014,Haringey,2036,309847
E09000014,Haringey,2037,312286
E09000014,Haringey,2038,314694
E09000014,Haringey,2039,317024
E09000014,Haringey,2040,319077
E09000014,Haringey,2041,320928
E09000014,Haringey,2042,323387
E09000014,Haringey,2043,326027
E09000014,Haringey,2044,328763
E09000014,Haringey,2045,331575
E09000014,Haringey,2046,334469
E09000014,Haringey,2047,337331
E09000014,Haringey,2048,340108
E09000014,Haringey,2049,342932
E09000014,Haringey,2050,345855
E09000015,Harrow,1999,207909
E09000015,Harrow,2000,209114
E09000015,Harrow,2001,210044
E09000015,Harrow,2002,212336
E09000015,Harrow,2003,213728
E09000015,Harrow,2004,216267
E09000015,Harrow,2005,221109
E09000015,Harrow,2006,223632
E09000015,Harrow,2007,226355
E09000015,Harrow,2008,229567
E09000015,Harrow,2009,233495
E09000015,Harrow,2010,237451
E09000015,Harrow,2011,241063
E09000015,Harrow,2012,242941
E09000015,Harrow,2013,243937
E09000015,Harrow,2014,246575
E09000015,Harrow,2015,247694
E09000015,Harrow,2016,249316
E09000015,Harrow,2017,252052
E09000015,Harrow,2018,255369
E09000015,Harrow,2019,258861
E09000015,Harrow,2020,261348
E09000015,Harrow,2021,263484
E09000015,Harrow,2022,265449
E09000015,Harrow,2023,267120
E09000015,Harrow,2024,268448
E09000015,Harrow,2025,269422
E09000015,Harrow,2026,270238
E09000015,Harrow,2027,270800
E09000015,Harrow,2028,271504
E09000015,Harrow,2029,273146
E09000015,Harrow,2030,273953
E09000015,Harrow,2031,275174
E09000015,Harrow,2032,276552
E09000015,Harrow,2033,277957
E09000015,Harrow,2034,279329
E09000015,Harrow,2035,281208
E09000015,Harrow,2036,283245
E09000015,Harrow,2037,285289
E09000015,Harrow,2038,287311
E09000015,Harrow,2039,289277
E09000015,Harrow,2040,291024
E09000015,Harrow,2041,292606
E09000015,Harrow,2042,294673
E09000015,Harrow,2043,296893
E09000015,Harrow,2044,299199
E09000015,Harrow,2045,301597
E09000015,Harrow,2046,304099
E09000015,Harrow,2047,306628
E09000015,Harrow,2048,308303
E09000015,Harrow,2049,308511
E09000015,Harrow,2050,308750
E09000016,Havering,1999,225712
E09000016,Havering,2000,225141
E09000016,Havering,2001,224717
E09000016,Havering,2002,225054
E09000016,Havering,2003,225248
E09000016,Havering,2004,225769
E09000016,Havering,2005,226990
E09000016,Havering,2006,228198
E09000016,Havering,2007,229789
E09000016,Havering,2008,231793
E09000016,Havering,2009,234127
E09000016,Havering,2010,236234
E09000016,Havering,2011,238281
E09000016,Havering,2012,240087
E09000016,Havering,2013,242434
E09000016,Havering,2014,246328
E09000016,Havering,2015,249439
E09000016,Havering,2016,253137
E09000016,Havering,2017,256162
E09000016,Havering,2018,257511
E09000016,Havering,2019,258655
E09000016,Havering,2020,261830
E09000016,Havering,2021,265930
E09000016,Havering,2022,271368
E09000016,Havering,2023,276649
E09000016,Havering,2024,281728
E09000016,Havering,2025,284971
E09000016,Havering,2026,288319
E09000016,Havering,2027,291556
E09000016,Havering,2028,294661
E09000016,Havering,2029,297731
E09000016,Havering,2030,298889
E09000016,Havering,2031,300329
E09000016,Havering,2032,302003
E09000016,Havering,2033,303770
E09000016,Havering,2034,305552
E09000016,Havering,2035,307605
E09000016,Havering,2036,308828
E09000016,Havering,2037,309902
E09000016,Havering,2038,310941
E09000016,Havering,2039,311948
E09000016,Havering,2040,312776
E09000016,Havering,2041,313651
E09000016,Havering,2042,314259
E09000016,Havering,2043,314554
E09000016,Havering,2044,314784
E09000016,Havering,2045,315023
E09000016,Havering,2046,315284
E09000016,Havering,2047,315450
E09000016,Havering,2048,315571
E09000016,Havering,2049,315789
E09000016,Havering,2050,316043
E09000017,Hillingdon,1999,245053
E09000017,Hillingdon,2000,245911
E09000017,Hillingdon,2001,245616
E09000017,Hillingdon,2002,247063
E09000017,Hillingdon,2003,248054
E09000017,Hillingdon,2004,248691
E09000017,Hillingdon,2005,251430
E09000017,Hillingdon,2006,254387
E09000017,Hillingdon,2007,256981
E09000017,Hillingdon,2008,261051
E09000017,Hillingdon,2009,265665
E09000017,Hillingdon,2010,269465
E09000017,Hillingdon,2011,276134
E09000017,Hillingdon,2012,282391
E09000017,Hillingdon,2013,287443
E09000017,Hillingdon,2014,293325
E09000017,Hillingdon,2015,298370
E09000017,Hillingdon,2016,303106
E09000017,Hillingdon,2017,307040
E09000017,Hillingdon,2018,309926
E09000017,Hillingdon,2019,312567
E09000017,Hillingdon,2020,316253
E09000017,Hillingdon,2021,319467
E09000017,Hillingdon,2022,322492
E09000017,Hillingdon,2023,325182
E09000017,Hillingdon,2024,327456
E09000017,Hillingdon,2025,329302
E09000017,Hillingdon,2026,330872
E09000017,Hillingdon,2027,332077
E09000017,Hillingdon,2028,332843
E09000017,Hillingdon,2029,333252
E09000017,Hillingdon,2030,334770
E09000017,Hillingdon,2031,336765
E09000017,Hillingdon,2032,338845
E09000017,Hillingdon,2033,340856
E09000017,Hillingdon,2034,342761
E09000017,Hillingdon,2035,345327
E09000017,Hillingdon,2036,348098
E09000017,Hillingdon,2037,350877
E09000017,Hillingdon,2038,353636
E09000017,Hillingdon,2039,356323
E09000017,Hillingdon,2040,358723
E09000017,Hillingdon,2041,360780
E09000017,Hillingdon,2042,361550
E09000017,Hillingdon,2043,361915
E09000017,Hillingdon,2044,362197
E09000017,Hillingdon,2045,362486
E09000017,Hillingdon,2046,362792
E09000017,Hillingdon,2047,362998
E09000017,Hillingdon,2048,363140
E09000017,Hillingdon,2049,363401
E09000017,Hillingdon,2050,363708
E09000018,Hounslow,1999,214298
E09000018,Hounslow,2000,214731
E09000018,Hounslow,2001,215976
E09000018,Hounslow,2002,216888
E09000018,Hounslow,2003,216498
E09000018,Hounslow,2004,219440
E09000018,Hounslow,2005,223776
E09000018,Hounslow,2006,228126
E09000018,Hounslow,2007,233454
E09000018,Hounslow,2008,237907
E09000018,Hounslow,2009,243366
E09000018,Hounslow,2010,249236
E09000018,Hounslow,2011,255334
E09000018,Hounslow,2012,259459
E09000018,Hounslow,2013,262814
E09000018,Hounslow,2014,265975
E09000018,Hounslow,2015,269177
E09000018,Hounslow,2016,271546
E09000018,Hounslow,2017,274970
E09000018,Hounslow,2018,278264
E09000018,Hounslow,2019,281339
E09000018,Hounslow,2020,284358
E09000018,Hounslow,2021,286947
E09000018,Hounslow,2022,289358
E09000018,Hounslow,2023,291460
E09000018,Hounslow,2024,293167
E09000018,Hounslow,2025,294459
E09000018,Hounslow,2026,295790
E09000018,Hounslow,2027,297418
E09000018,Hounslow,2028,298986
E09000018,Hounslow,2029,300658
E09000018,Hounslow,2030,301808
E09000018,Hounslow,2031,303058
E09000018,Hounslow,2032,304489
E09000018,Hounslow,2033,305958
E09000018,Hounslow,2034,307402
E09000018,Hounslow,2035,309487
E09000018,Hounslow,2036,311775
E09000018,Hounslow,2037,314076
E09000018,Hounslow,2038,316354
E09000018,Hounslow,2039,318561
E09000018,Hounslow,2040,320507
E09000018,Hounslow,2041,322250
E09000018,Hounslow,2042,324566
E09000018,Hounslow,2043,327038
E09000018,Hounslow,2044,329580
E09000018,Hounslow,2045,332197
E09000018,Hounslow,2046,334905
E09000018,Hounslow,2047,337605
E09000018,Hounslow,2048,340243
E09000018,Hounslow,2049,342944
E09000018,Hounslow,2050,345756
E09000019,Islington,1999,175717
E09000019,Islington,2000,177852
E09000019,Islington,2001,179387
E09000019,Islington,2002,180118
E09000019,Islington,2003,180899
E09000019,Islington,2004,180831
E09000019,Islington,2005,183477
E09000019,Islington,2006,185283
E09000019,Islington,2007,188636
E09000019,Islington,2008,192089
E09000019,Islington,2009,196704
E09000019,Islington,2010,200129
E09000019,Islington,2011,206639
E09000019,Islington,2012,211400
E09000019,Islington,2013,216024
E09000019,Islington,2014,221383
E09000019,Islington,2015,228045
E09000019,Islington,2016,233218
E09000019,Islington,2017,235370
E09000019,Islington,2018,238267
E09000019,Islington,2019,241589
E09000019,Islington,2020,242827
E09000019,Islington,2021,244372
E09000019,Islington,2022,245839
E09000019,Islington,2023,247009
E09000019,Islington,2024,247841
E09000019,Islington,2025,248352
E09000019,Islington,2026,248723
E09000019,Islington,2027,248916
E09000019,Islington,2028,248834
E09000019,Islington,2029,248569
E09000019,Islington,2030,249455
E09000019,Islington,2031,250875
E09000019,Islington,2032,252427
E09000019,Islington,2033,253952
E09000019,Islington,2034,255400
E09000019,Islington,2035,257466
E09000019,Islington,2036,259678
E09000019,Islington,2037,261844
E09000019,Islington,2038,263925
E09000019,Islington,2039,265884
E09000019,Islington,2040,267544
E09000019,Islington,2041,268983
E09000019,Islington,2042,271001
E09000019,Islington,2043,273155
E09000019,Islington,2044,273741
E09000019,Islington,2045,273977
E09000019,Islington,2046,274227
E09000019,Islington,2047,274390
E09000019,Islington,2048,274497
E09000019,Islington,2049,274711
E09000019,Islington,2050,274967
E09000020,Kensington and Chelsea,1999,147678
E09000020,Kensington and Chelsea,2000,154661
E09000020,Kensington and Chelsea,2001,162199
E09000020,Kensington and Chelsea,2002,163827
E09000020,Kensington and Chelsea,2003,165268
E09000020,Kensington and Chelsea,2004,165752
E09000020,Kensington and Chelsea,2005,168375
E09000020,Kensington and Chelsea,2006,165245
E09000020,Kensington and Chelsea,2007,162883
E09000020,Kensington and Chelsea,2008,162579
E09000020,Kensington and Chelsea,2009,161893
E09000020,Kensington and Chelsea,2010,160463
E09000020,Kensington and Chelsea,2011,158652
E09000020,Kensington and Chelsea,2012,156331
E09000020,Kensington and Chelsea,2013,155995
E09000020,Kensington and Chelsea,2014,156591
E09000020,Kensington and Chelsea,2015,158112
E09000020,Kensington and Chelsea,2016,157127
E09000020,Kensington and Chelsea,2017,157954
E09000020,Kensington and Chelsea,2018,159301
E09000020,Kensington and Chelsea,2019,160531
E09000020,Kensington and Chelsea,2020,160794
E09000020,Kensington and Chelsea,2021,161552
E09000020,Kensington and Chelsea,2022,162446
E09000020,Kensington and Chelsea,2023,163255
E09000020,Kensington and Chelsea,2024,164020
E09000020,Kensington and Chelsea,2025,164730
E09000020,Kensington and Chelsea,2026,165522
E09000020,Kensington and Chelsea,2027,166287
E09000020,Kensington and Chelsea,2028,166996
E09000020,Kensington and Chelsea,2029,167725
E09000020,Kensington and Chelsea,2030,169188
E09000020,Kensington and Chelsea,2031,170397
E09000020,Kensington and Chelsea,2032,171448
E09000020,Kensington and Chelsea,2033,172416
E09000020,Kensington and Chelsea,2034,173348
E09000020,Kensington and Chelsea,2035,174187
E09000020,Kensington and Chelsea,2036,174815
E09000020,Kensington and Chelsea,2037,175349
E09000020,Kensington and Chelsea,2038,175860
E09000020,Kensington and Chelsea,2039,176349
E09000020,Kensington and Chelsea,2040,176732
E09000020,Kensington and Chelsea,2041,177139
E09000020,Kensington and Chelsea,2042,177523
E09000020,Kensington and Chelsea,2043,177716
E09000020,Kensington and Chelsea,2044,177869
E09000020,Kensington and Chelsea,2045,178024
E09000020,Kensington and Chelsea,2046,178188
E09000020,Kensington and Chelsea,2047,178302
E09000020,Kensington and Chelsea,2048,178386
E09000020,Kensington and Chelsea,2049,178528
E09000020,Kensington and Chelsea,2050,178691
E09000021,Kingston upon Thames,1999,146003
E09000021,Kingston upon Thames,2000,147328
E09000021,Kingston upon Thames,2001,149045
E09000021,Kingston upon Thames,2002,149642
E09000021,Kingston upon Thames,2003,149683
E09000021,Kingston upon Thames,2004,151055
E09000021,Kingston upon Thames,2005,152489
E09000021,Kingston upon Thames,2006,153667
E09000021,Kingston upon Thames,2007,154485
E09000021,Kingston upon Thames,2008,156027
E09000021,Kingston upon Thames,2009,157307
E09000021,Kingston upon Thames,2010,158648
E09000021,Kingston upon Thames,2011,160469
E09000021,Kingston upon Thames,2012,163939
E09000021,Kingston upon Thames,2013,166826
E09000021,Kingston upon Thames,2014,169991
E09000021,Kingston upon Thames,2015,173558
E09000021,Kingston upon Thames,2016,176140
E09000021,Kingston upon Thames,2017,178419
E09000021,Kingston upon Thames,2018,179581
E09000021,Kingston upon Thames,2019,180598
E09000021,Kingston upon Thames,2020,182728
E09000021,Kingston upon Thames,2021,184660
E09000021,Kingston upon Thames,2022,186434
E09000021,Kingston upon Thames,2023,187973
E09000021,Kingston upon Thames,2024,189276
E09000021,Kingston upon Thames,2025,190330
E09000021,Kingston upon Thames,2026,191245
E09000021,Kingston upon Thames,2027,194030
E09000021,Kingston upon Thames,2028,197062
E09000021,Kingston upon Thames,2029,200064
E09000021,Kingston upon Thames,2030,202034
E09000021,Kingston upon Thames,2031,203623
E09000021,Kingston upon Thames,2032,205015
E09000021,Kingston upon Thames,2033,206327
E09000021,Kingston upon Thames,2034,207589
E09000021,Kingston upon Thames,2035,208250
E09000021,Kingston upon Thames,2036,209179
E09000021,Kingston upon Thames,2037,210214
E09000021,Kingston upon Thames,2038,211318
E09000021,Kingston upon Thames,2039,212440
E09000021,Kingston upon Thames,2040,213439
E09000021,Kingston upon Thames,2041,214350
E09000021,Kingston upon Thames,2042,215679
E09000021,Kingston upon Thames,2043,217136
E09000021,Kingston upon Thames,2044,218656
E09000021,Kingston upon Thames,2045,220237
E09000021,Kingston upon Thames,2046,221889
E09000021,Kingston upon Thames,2047,223542
E09000021,Kingston upon Thames,2048,225151
E09000021,Kingston upon Thames,2049,226798
E09000021,Kingston upon Thames,2050,228514
E09000022,Lambeth,1999,266817
E09000022,Lambeth,2000,270028
E09000022,Lambeth,2001,273372
E09000022,Lambeth,2002,273041
E09000022,Lambeth,2003,272195
E09000022,Lambeth,2004,274262
E09000022,Lambeth,2005,277620
E09000022,Lambeth,2006,280524
E09000022,Lambeth,2007,284964
E09000022,Lambeth,2008,289126
E09000022,Lambeth,2009,294050
E09000022,Lambeth,2010,297650
E09000022,Lambeth,2011,304808
E09000022,Lambeth,2012,310527
E09000022,Lambeth,2013,314569
E09000022,Lambeth,2014,318543
E09000022,Lambeth,2015,324758
E09000022,Lambeth,2016,328237
E09000022,Lambeth,2017,331157
E09000022,Lambeth,2018,334724
E09000022,Lambeth,2019,338028
E09000022,Lambeth,2020,340324
E09000022,Lambeth,2021,342250
E09000022,Lambeth,2022,343982
E09000022,Lambeth,2023,345285
E09000022,Lambeth,2024,346100
E09000022,Lambeth,2025,346448
E09000022,Lambeth,2026,346615
E09000022,Lambeth,2027,346584
E09000022,Lambeth,2028,346279
E09000022,Lambeth,2029,345815
E09000022,Lambeth,2030,347007
E09000022,Lambeth,2031,349019
E09000022,Lambeth,2032,351319
E09000022,Lambeth,2033,353667
E09000022,Lambeth,2034,355959
E09000022,Lambeth,2035,359116
E09000022,Lambeth,2036,362468
E09000022,Lambeth,2037,365729
E09000022,Lambeth,2038,368829
E09000022,Lambeth,2039,371720
E09000022,Lambeth,2040,374166
E09000022,Lambeth,2041,376286
E09000022,Lambeth,2042,379179
E09000022,Lambeth,2043,382211
E09000022,Lambeth,2044,385264
E09000022,Lambeth,2045,388339
E09000022,Lambeth,2046,391462
E09000022,Lambeth,2047,394520
E09000022,Lambeth,2048,397440
E09000022,Lambeth,2049,398650
E09000022,Lambeth,2050,399029
E09000023,Lewisham,1999,250310
E09000023,Lewisham,2000,252106
E09000023,Lewisham,2001,254336
E09000023,Lewisham,2002,253662
E09000023,Lewisham,2003,251936
E09000023,Lewisham,2004,252455
E09000023,Lewisham,2005,254930
E09000023,Lewisham,2006,257976
E09000023,Lewisham,2007,261188
E09000023,Lewisham,2008,266508
E09000023,Lewisham,2009,270418
E09000023,Lewisham,2010,272525
E09000023,Lewisham,2011,277525
E09000023,Lewisham,2012,282143
E09000023,Lewisham,2013,286767
E09000023,Lewisham,2014,292520
E09000023,Lewisham,2015,297912
E09000023,Lewisham,2016,302454
E09000023,Lewisham,2017,306380
E09000023,Lewisham,2018,310324
E09000023,Lewisham,2019,314027
E09000023,Lewisham,2020,317465
E09000023,Lewisham,2021,320574
E09000023,Lewisham,2022,323421
E09000023,Lewisham,2023,325830
E09000023,Lewisham,2024,327730
E09000023,Lewisham,2025,329136
E09000023,Lewisham,2026,330318
E09000023,Lewisham,2027,331205
E09000023,Lewisham,2028,331726
E09000023,Lewisham,2029,331972
E09000023,Lewisham,2030,333474
E09000023,Lewisham,2031,335589
E09000023,Lewisham,2032,337904
E09000023,Lewisham,2033,340236
E09000023,Lewisham,2034,342519
E09000023,Lewisham,2035,345534
E09000023,Lewisham,2036,348763
E09000023,Lewisham,2037,351991
E09000023,Lewisham,2038,355174
E09000023,Lewisham,2039,358249
E09000023,Lewisham,2040,360994
E09000023,Lewisham,2041,363502
E09000023,Lewisham,2042,366687
E09000023,Lewisham,2043,370021
E09000023,Lewisham,2044,373401
E09000023,Lewisham,2045,376831
E09000023,Lewisham,2046,380336
E09000023,Lewisham,2047,383810
E09000023,Lewisham,2048,387195
E09000023,Lewisham,2049,388466
E09000023,Lewisham,2050,388806
E09000024,Merton,1999,185062
E09000024,Merton,2000,188196
E09000024,Merton,2001,191106
E09000024,Merton,2002,190561
E09000024,Merton,2003,189298
E09000024,Merton,2004,188908
E09000024,Merton,2005,190583
E09000024,Merton,2006,192520
E09000024,Merton,2007,194260
E09000024,Merton,2008,195859
E09000024,Merton,2009,198136
E09000024,Merton,2010,199136
E09000024,Merton,2011,201226
E09000024,Merton,2012,202908
E09000024,Merton,2013,203906
E09000024,Merton,2014,204198
E09000024,Merton,2015,205248
E09000024,Merton,2016,205712
E09000024,Merton,2017,208225
E09000024,Merton,2018,209421
E09000024,Merton,2019,210452
E09000024,Merton,2020,212658
E09000024,Merton,2021,214740
E09000024,Merton,2022,216662
E09000024,Merton,2023,218298
E09000024,Merton,2024,220418
E09000024,Merton,2025,222714
E09000024,Merton,2026,225047
E09000024,Merton,2027,227279
E09000024,Merton,2028,229456
E09000024,Merton,2029,231636
E09000024,Merton,2030,232473
E09000024,Merton,2031,232956
E09000024,Merton,2032,233638
E09000024,Merton,2033,234439
E09000024,Merton,2034,235289
E09000024,Merton,2035,236669
E09000024,Merton,2036,238242
E09000024,Merton,2037,239851
E09000024,Merton,2038,241463
E09000024,Merton,2039,243040
E09000024,Merton,2040,244440
E09000024,Merton,2041,245706
E09000024,Merton,2042,247421
E09000024,Merton,2043,249259
E09000024,Merton,2044,251139
E09000024,Merton,2045,253064
E09000024,Merton,2046,254848
E09000024,Merton,2047,254993
E09000024,Merton,2048,255093
E09000024,Merton,2049,255279
E09000024,Merton,2050,255498
E09000025,Newham,1999,240517
E09000025,Newham,2000,245463
E09000025,Newham,2001,249411
E09000025,Newham,2002,255282
E09000025,Newham,2003,256224
E09000025,Newham,2004,254434
E09000025,Newham,2005,253798
E09000025,Newham,2006,257994
E09000025,Newham,2007,266285
E09000025,Newham,2008,276478
E09000025,Newham,2009,286447
E09000025,Newham,2010,299171
E09000025,Newham,2011,311912
E09000025,Newham,2012,315536
E09000025,Newham,2013,319679
E09000025,Newham,2014,325774
E09000025,Newham,2015,334269
E09000025,Newham,2016,342430
E09000025,Newham,2017,347448
E09000025,Newham,2018,353245
E09000025,Newham,2019,359470
E09000025,Newham,2020,363552
E09000025,Newham,2021,366943
E09000025,Newham,2022,370004
E09000025,Newham,2023,372515
E09000025,Newham,2024,374424
E09000025,Newham,2025,387234
E09000025,Newham,2026,400056
E09000025,Newham,2027,412896
E09000025,Newham,2028,425524
E09000025,Newham,2029,438168
E09000025,Newham,2030,443657
E09000025,Newham,2031,448316
E09000025,Newham,2032,452580
E09000025,Newham,2033,456754
E09000025,Newham,2034,460902
E09000025,Newham,2035,463190
E09000025,Newham,2036,464821
E09000025,Newham,2037,466111
E09000025,Newham,2038,467406
E09000025,Newham,2039,468681
E09000025,Newham,2040,471105
E09000025,Newham,2041,473611
E09000025,Newham,2042,474709
E09000025,Newham,2043,475206
E09000025,Newham,2044,475586
E09000025,Newham,2045,475971
E09000025,Newham,2046,476445
E09000025,Newham,2047,477162
E09000025,Newham,2048,478016
E09000025,Newham,2049,479167
E09000025,Newham,2050,480671
E09000026,Redbridge,1999,238138
E09000026,Redbridge,2000,239868
E09000026,Redbridge,2001,241893
E09000026,Redbridge,2002,244273
E09000026,Redbridge,2003,247412
E09000026,Redbridge,2004,248774
E09000026,Redbridge,2005,251560
E09000026,Redbridge,2006,255590
E09000026,Redbridge,2007,259965
E09000026,Redbridge,2008,265452
E09000026,Redbridge,2009,270435
E09000026,Redbridge,2010,275088
E09000026,Redbridge,2011,281521
E09000026,Redbridge,2012,284743
E09000026,Redbridge,2013,288398
E09000026,Redbridge,2014,293181
E09000026,Redbridge,2015,296919
E09000026,Redbridge,2016,299375
E09000026,Redbridge,2017,303887
E09000026,Redbridge,2018,305910
E09000026,Redbridge,2019,307690
E09000026,Redbridge,2020,312264
E09000026,Redbridge,2021,316288
E09000026,Redbridge,2022,320018
E09000026,Redbridge,2023,323302
E09000026,Redbridge,2024,326070
E09000026,Redbridge,2025,328279
E09000026,Redbridge,2026,330304
E09000026,Redbridge,2027,332106
E09000026,Redbridge,2028,333593
E09000026,Redbridge,2029,334804
E09000026,Redbridge,2030,337202
E09000026,Redbridge,2031,340121
E09000026,Redbridge,2032,343228
E09000026,Redbridge,2033,346344
E09000026,Redbridge,2034,349386
E09000026,Redbridge,2035,353103
E09000026,Redbridge,2036,357012
E09000026,Redbridge,2037,360905
E09000026,Redbridge,2038,364738
E09000026,Redbridge,2039,368461
E09000026,Redbridge,2040,371856
E09000026,Redbridge,2041,375020
E09000026,Redbridge,2042,378836
E09000026,Redbridge,2043,382793
E09000026,Redbridge,2044,384943
E09000026,Redbridge,2045,385247
E09000026,Redbridge,2046,385561
E09000026,Redbridge,2047,385769
E09000026,Redbridge,2048,385913
E09000026,Redbridge,2049,386188
E09000026,Redbridge,2050,386513
E09000027,Richmond upon Thames,1999,172782
E09000027,Richmond upon Thames,2000,172920
E09000027,Richmond upon Thames,2001,174311
E09000027,Richmond upon Thames,2002,175441
E09000027,Richmond upon Thames,2003,177182
E09000027,Richmond upon Thames,2004,179312
E09000027,Richmond upon Thames,2005,181508
E09000027,Richmond upon Thames,2006,182520
E09000027,Richmond upon Thames,2007,182421
E09000027,Richmond upon Thames,2008,182927
E09000027,Richmond upon Thames,2009,184394
E09000027,Richmond upon Thames,2010,186304
E09000027,Richmond upon Thames,2011,187527
E09000027,Richmond upon Thames,2012,189145
E09000027,Richmond upon Thames,2013,191365
E09000027,Richmond upon Thames,2014,193585
E09000027,Richmond upon Thames,2015,194730
E09000027,Richmond upon Thames,2016,195846
E09000027,Richmond upon Thames,2017,197988
E09000027,Richmond upon Thames,2018,199419
E09000027,Richmond upon Thames,2019,200703
E09000027,Richmond upon Thames,2020,201713
E09000027,Richmond upon Thames,2021,203312
E09000027,Richmond upon Thames,2022,205051
E09000027,Richmond upon Thames,2023,206708
E09000027,Richmond upon Thames,2024,208321
E09000027,Richmond upon Thames,2025,209625
E09000027,Richmond upon Thames,2026,210766
E09000027,Richmond upon Thames,2027,211789
E09000027,Richmond upon Thames,2028,212687
E09000027,Richmond upon Thames,2029,213573
E09000027,Richmond upon Thames,2030,214103
E09000027,Richmond upon Thames,2031,214817
E09000027,Richmond upon Thames,2032,215693
E09000027,Richmond upon Thames,2033,216617
E09000027,Richmond upon Thames,2034,217549
E09000027,Richmond upon Thames,2035,218891
E09000027,Richmond upon Thames,2036,220373
E09000027,Richmond upon Thames,2037,221877
E09000027,Richmond upon Thames,2038,223392
E09000027,Richmond upon Thames,2039,224545
E09000027,Richmond upon Thames,2040,224896
E09000027,Richmond upon Thames,2041,225277
E09000027,Richmond upon Thames,2042,225709
E09000027,Richmond upon Thames,2043,225921
E09000027,Richmond upon Thames,2044,226088
E09000027,Richmond upon Thames,2045,226260
E09000027,Richmond upon Thames,2046,226447
E09000027,Richmond upon Thames,2047,226578
E09000027,Richmond upon Thames,2048,226674
E09000027,Richmond upon Thames,2049,226839
E09000027,Richmond upon Thames,2050,227030
E09000028,Southwark,1999,247853
E09000028,Southwark,2000,252726
E09000028,Southwark,2001,256712
E09000028,Southwark,2002,256269
E09000028,Southwark,2003,255242
E09000028,Southwark,2004,257257
E09000028,Southwark,2005,261811
E09000028,Southwark,2006,267553
E09000028,Southwark,2007,272626
E09000028,Southwark,2008,276973
E09000028,Southwark,2009,281120
E09000028,Southwark,2010,283777
E09000028,Southwark,2011,289361
E09000028,Southwark,2012,294174
E09000028,Southwark,2013,299109
E09000028,Southwark,2014,303182
E09000028,Southwark,2015,309545
E09000028,Southwark,2016,313867
E09000028,Southwark,2017,317735
E09000028,Southwark,2018,322302
E09000028,Southwark,2019,327271
E09000028,Southwark,2020,330290
E09000028,Southwark,2021,332679
E09000028,Southwark,2022,334826
E09000028,Southwark,2023,336554
E09000028,Southwark,2024,339444
E09000028,Southwark,2025,343402
E09000028,Southwark,2026,347513
E09000028,Southwark,2027,351586
E09000028,Southwark,2028,355518
E09000028,Southwark,2029,359549
E09000028,Southwark,2030,364761
E09000028,Southwark,2031,369273
E09000028,Southwark,2032,373384
E09000028,Southwark,2033,377379
E09000028,Southwark,2034,381360
E09000028,Southwark,2035,384607
E09000028,Southwark,2036,387283
E09000028,Southwark,2037,389704
E09000028,Southwark,2038,392108
E09000028,Southwark,2039,394525
E09000028,Southwark,2040,397608
E09000028,Southwark,2041,400754
E09000028,Southwark,2042,401720
E09000028,Southwark,2043,402161
E09000028,Southwark,2044,402769
E09000028,Southwark,2045,403785
E09000028,Southwark,2046,405156
E09000028,Southwark,2047,406709
E09000028,Southwark,2048,408340
E09000028,Southwark,2049,410185
E09000028,Southwark,2050,412254
E09000029,Sutton,1999,179375
E09000029,Sutton,2000,180485
E09000029,Sutton,2001,181461
E09000029,Sutton,2002,181265
E09000029,Sutton,2003,181267
E09000029,Sutton,2004,181094
E09000029,Sutton,2005,182103
E09000029,Sutton,2006,182882
E09000029,Sutton,2007,184174
E09000029,Sutton,2008,185860
E09000029,Sutton,2009,188167
E09000029,Sutton,2010,189321
E09000029,Sutton,2011,191515
E09000029,Sutton,2012,194022
E09000029,Sutton,2013,196306
E09000029,Sutton,2014,198526
E09000029,Sutton,2015,200537
E09000029,Sutton,2016,202612
E09000029,Sutton,2017,204933
E09000029,Sutton,2018,207378
E09000029,Sutton,2019,209666
E09000029,Sutton,2020,211297
E09000029,Sutton,2021,213340
E09000029,Sutton,2022,215228
E09000029,Sutton,2023,216865
E09000029,Sutton,2024,218218
E09000029,Sutton,2025,219275
E09000029,Sutton,2026,220135
E09000029,Sutton,2027,220784
E09000029,Sutton,2028,221171
E09000029,Sutton,2029,221345
E09000029,Sutton,2030,222186
E09000029,Sutton,2031,223323
E09000029,Sutton,2032,224593
E09000029,Sutton,2033,225874
E09000029,Sutton,2034,227094
E09000029,Sutton,2035,228729
E09000029,Sutton,2036,230509
E09000029,Sutton,2037,232315
E09000029,Sutton,2038,234140
E09000029,Sutton,2039,235945
E09000029,Sutton,2040,237601
E09000029,Sutton,2041,239147
E09000029,Sutton,2042,240823
E09000029,Sutton,2043,241057
E09000029,Sutton,2044,241235
E09000029,Sutton,2045,241426
E09000029,Sutton,2046,241625
E09000029,Sutton,2047,241760
E09000029,Sutton,2048,241862
E09000029,Sutton,2049,242035
E09000029,Sutton,2050,242239
E09000030,Tower Hamlets,1999,193507
E09000030,Tower Hamlets,2000,197133
E09000030,Tower Hamlets,2001,201090
E09000030,Tower Hamlets,2002,207031
E09000030,Tower Hamlets,2003,208651
E09000030,Tower Hamlets,2004,211154
E09000030,Tower Hamlets,2005,213382
E09000030,Tower Hamlets,2006,218400
E09000030,Tower Hamlets,2007,225251
E09000030,Tower Hamlets,2008,231893
E09000030,Tower Hamlets,2009,240495
E09000030,Tower Hamlets,2010,248520
E09000030,Tower Hamlets,2011,256685
E09000030,Tower Hamlets,2012,263676
E09000030,Tower Hamlets,2013,273563
E09000030,Tower Hamlets,2014,284688
E09000030,Tower Hamlets,2015,295909
E09000030,Tower Hamlets,2016,305527
E09000030,Tower Hamlets,2017,311044
E09000030,Tower Hamlets,2018,317203
E09000030,Tower Hamlets,2019,323696
E09000030,Tower Hamlets,2020,328043
E09000030,Tower Hamlets,2021,331620
E09000030,Tower Hamlets,2022,334834
E09000030,Tower Hamlets,2023,341358
E09000030,Tower Hamlets,2024,348363
E09000030,Tower Hamlets,2025,353945
E09000030,Tower Hamlets,2026,359598
E09000030,Tower Hamlets,2027,365178
E09000030,Tower Hamlets,2028,370711
E09000030,Tower Hamlets,2029,376331
E09000030,Tower Hamlets,2030,380598
E09000030,Tower Hamlets,2031,384124
E09000030,Tower Hamlets,2032,387136
E09000030,Tower Hamlets,2033,390101
E09000030,Tower Hamlets,2034,393062
E09000030,Tower Hamlets,2035,394528
E09000030,Tower Hamlets,2036,395348
E09000030,Tower Hamlets,2037,395887
E09000030,Tower Hamlets,2038,396714
E09000030,Tower Hamlets,2039,397695
E09000030,Tower Hamlets,2040,398590
E09000030,Tower Hamlets,2041,400382
E09000030,Tower Hamlets,2042,401943
E09000030,Tower Hamlets,2043,403867
E09000030,Tower Hamlets,2044,406000
E09000030,Tower Hamlets,2045,408311
E09000030,Tower Hamlets,2046,410800
E09000030,Tower Hamlets,2047,413326
E09000030,Tower Hamlets,2048,415811
E09000030,Tower Hamlets,2049,418425
E09000030,Tower Hamlets,2050,421229
E09000031,Waltham Forest,1999,221057
E09000031,Waltham Forest,2000,221296
E09000031,Waltham Forest,2001,222015
E09000031,Waltham Forest,2002,223776
E09000031,Waltham Forest,2003,224115
E09000031,Waltham Forest,2004,225002
E09000031,Waltham Forest,2005,226747
E09000031,Waltham Forest,2006,230731
E09000031,Waltham Forest,2007,235665
E09000031,Waltham Forest,2008,242098
E09000031,Waltham Forest,2009,248140
E09000031,Waltham Forest,2010,254009
E09000031,Waltham Forest,2011,260397
E09000031,Waltham Forest,2012,263221
E09000031,Waltham Forest,2013,266452
E09000031,Waltham Forest,2014,268675
E09000031,Waltham Forest,2015,271825
E09000031,Waltham Forest,2016,276498
E09000031,Waltham Forest,2017,280050
E09000031,Waltham Forest,2018,283524
E09000031,Waltham Forest,2019,286776
E09000031,Waltham Forest,2020,290024
E09000031,Waltham Forest,2021,292788
E09000031,Waltham Forest,2022,295311
E09000031,Waltham Forest,2023,297439
E09000031,Waltham Forest,2024,299105
E09000031,Waltham Forest,2025,300284
E09000031,Waltham Forest,2026,301241
E09000031,Waltham Forest,2027,301937
E09000031,Waltham Forest,2028,302286
E09000031,Waltham Forest,2029,302357
E09000031,Waltham Forest,2030,303516
E09000031,Waltham Forest,2031,305166
E09000031,Waltham Forest,2032,306995
E09000031,Waltham Forest,2033,308846
E09000031,Waltham Forest,2034,310649
E09000031,Waltham Forest,2035,313090
E09000031,Waltham Forest,2036,315746
E09000031,Waltham Forest,2037,318428
E09000031,Waltham Forest,2038,321091
E09000031,Waltham Forest,2039,323687
E09000031,Waltham Forest,2040,326016
E09000031,Waltham Forest,2041,328148
E09000031,Waltham Forest,2042,330884
E09000031,Waltham Forest,2043,333801
E09000031,Waltham Forest,2044,336813
E09000031,Waltham Forest,2045,339912
E09000031,Waltham Forest,2046,343104
E09000031,Waltham Forest,2047,346284
E09000031,Waltham Forest,2048,349398
E09000031,Waltham Forest,2049,352579
E09000031,Waltham Forest,2050,353239
E09000032,Wandsworth,1999,264220
E09000032,Wandsworth,2000,267695
E09000032,Wandsworth,2001,271742
E09000032,Wandsworth,2002,274917
E09000032,Wandsworth,2003,276828
E09000032,Wandsworth,2004,278615
E09000032,Wandsworth,2005,283229
E09000032,Wandsworth,2006,287538
E09000032,Wandsworth,2007,291440
E09000032,Wandsworth,2008,294305
E09000032,Wandsworth,2009,299347
E09000032,Wandsworth,2010,302620
E09000032,Wandsworth,2011,308300
E09000032,Wandsworth,2012,308902
E09000032,Wandsworth,2013,311106
E09000032,Wandsworth,2014,312735
E09000032,Wandsworth,2015,315134
E09000032,Wandsworth,2016,316686
E09000032,Wandsworth,2017,319731
E09000032,Wandsworth,2018,324400
E09000032,Wandsworth,2019,328828
E09000032,Wandsworth,2020,332731
E09000032,Wandsworth,2021,337783
E09000032,Wandsworth,2022,343147
E09000032,Wandsworth,2023,348272
E09000032,Wandsworth,2024,353279
E09000032,Wandsworth,2025,357242
E09000032,Wandsworth,2026,361424
E09000032,Wandsworth,2027,365513
E09000032,Wandsworth,2028,369457
E09000032,Wandsworth,2029,373443
E09000032,Wandsworth,2030,377297
E09000032,Wandsworth,2031,380479
E09000032,Wandsworth,2032,383228
E09000032,Wandsworth,2033,385749
E09000032,Wandsworth,2034,388190
E09000032,Wandsworth,2035,390893
E09000032,Wandsworth,2036,393046
E09000032,Wandsworth,2037,394943
E09000032,Wandsworth,2038,396770
E09000032,Wandsworth,2039,398541
E09000032,Wandsworth,2040,400021
E09000032,Wandsworth,2041,401574
E09000032,Wandsworth,2042,402563
E09000032,Wandsworth,2043,403016
E09000032,Wandsworth,2044,403368
E09000032,Wandsworth,2045,403720
E09000032,Wandsworth,2046,404091
E09000032,Wandsworth,2047,404340
E09000032,Wandsworth,2048,404511
E09000032,Wandsworth,2049,404842
E09000032,Wandsworth,2050,405231
E09000033,Westminster,1999,189233
E09000033,Westminster,2000,196478
E09000033,Westminster,2001,203329
E09000033,Westminster,2002,208100
E09000033,Westminster,2003,211009
E09000033,Westminster,2004,214557
E09000033,Westminster,2005,223132
E09000033,Westminster,2006,222829
E09000033,Westminster,2007,220619
E09000033,Westminster,2008,218673
E09000033,Westminster,2009,216980
E09000033,Westminster,2010,217187
E09000033,Westminster,2011,219582
E09000033,Westminster,2012,223858
E09000033,Westminster,2013,226841
E09000033,Westminster,2014,233292
E09000033,Westminster,2015,242299
E09000033,Westminster,2016,247614
E09000033,Westminster,2017,250049
E09000033,Westminster,2018,254375
E09000033,Westminster,2019,258511
E09000033,Westminster,2020,259981
E09000033,Westminster,2021,262317
E09000033,Westminster,2022,264875
E09000033,Westminster,2023,267274
E09000033,Westminster,2024,269593
E09000033,Westminster,2025,270541
E09000033,Westminster,2026,271648
E09000033,Westminster,2027,272691
E09000033,Westminster,2028,273591
E09000033,Westminster,2029,273689
E09000033,Westminster,2030,274812
E09000033,Westminster,2031,275466
E09000033,Westminster,2032,275822
E09000033,Westminster,2033,276176
E09000033,Westminster,2034,276568
E09000033,Westminster,2035,277692
E09000033,Westminster,2036,279020
E09000033,Westminster,2037,280411
E09000033,Westminster,2038,281808
E09000033,Westminster,2039,283163
E09000033,Westminster,2040,284297
E09000033,Westminster,2041,285280
E09000033,Westminster,2042,286840
E09000033,Westminster,2043,288539
E09000033,Westminster,2044,290289
E09000033,Westminster,2045,291439
E09000033,Westminster,2046,291682
E09000033,Westminster,2047,291839
E09000033,Westminster,2048,291944
E09000033,Westminster,2049,292153
E09000033,Westminster,2050,292403
E12000007,London,1999,7153912
E12000007,London,2000,7236712
E12000007,London,2001,7322403
E12000007,London,2002,7376671
E12000007,London,2003,7394817
E12000007,London,2004,7432730
E12000007,London,2005,7519009
E12000007,London,2006,7597825
E12000007,London,2007,7693473
E12000007,London,2008,7812161
E12000007,London,2009,7942594
E12000007,London,2010,8061495
E12000007,Greater London,2011,8217475
E12000007,Greater London,2012,8321035
E12000007,Greater London,2013,8428809
E12000007,Greater London,2014,8550555
E12000007,Greater London,2015,8685178
E12000007,Greater London,2016,8798957
E12000007,Greater London,2017,8904004
E12000007,Greater London,2018,9006352
E12000007,Greater London,2019,9106157
E12000007,Greater London,2020,9203331
E12000007,Greater London,2021,9298024
E12000007,Greater London,2022,9390069
E12000007,Greater London,2023,9479610
E12000007,Greater London,2024,9566482
E12000007,Greater London,2025,9650677
E12000007,Greater London,2026,9732425
E12000007,Greater London,2027,9811952
E12000007,Greater London,2028,9889686
E12000007,Greater London,2029,9965796
E12000007,Greater London,2030,10040425
E12000007,Greater London,2031,10113738
E12000007,Greater London,2032,10186039
E12000007,Greater London,2033,10257460
E12000007,Greater London,2034,10327806
E12000007,Greater London,2035,10396960
E12000007,Greater London,2036,10464787
E12000007,Greater London,2037,10531109
E12000007,Greater London,2038,10596112
E12000007,Greater London,2039,10659260
E12000007,Greater London,2040,10718734
E12000007,Greater London,2041,10776412
E12000007,Greater London,2042,10832266
E12000007,Greater London,2043,10886271
E12000007,Greater London,2044,10938319
E12000007,Greater London,2045,10988367
E12000007,Greater London,2046,11036383
E12000007,Greater London,2047,11082365
E12000007,Greater London,2048,11126313
E12000007,Greater London,2049,11168255
E12000007,Greater London,2050,11208247
E13000001,Inner London,1999,2750716
E13000001,Inner London,2000,2804949
E13000001,Inner London,2001,2859375
E13000001,Inner London,2002,2890923
E13000001,Inner London,2003,2898563
E13000001,Inner London,2004,2915912
E13000001,Inner London,2005,2957048
E13000001,Inner London,2006,2989670
E13000001,Inner London,2007,3030764
E13000001,Inner London,2008,3078914
E13000001,Inner London,2009,3134393
E13000001,Inner London,2010,3179428
E13000001,Inner London,2011,3247768
E13000001,Inner London,2012,3291231
E13000001,Inner London,2013,3341307
E13000001,Inner London,2014,3401119
E13000001,Inner London,2015,3477121
E13000001,Inner London,2016,3534009
E13000001,Inner London,2017,3575589
E13000001,Inner London,2018,3624536
E13000001,Inner London,2019,3673880
E13000001,Inner London,2020,3710562
E13000001,Inner London,2021,3746932
E13000001,Inner London,2022,3781965
E13000001,Inner London,2023,3816382
E13000001,Inner London,2024,3848906
E13000001,Inner London,2025,3885100
E13000001,Inner London,2026,3920962
E13000001,Inner London,2027,3955071
E13000001,Inner London,2028,3986417
E13000001,Inner London,2029,4015872
E13000001,Inner London,2030,4049393
E13000001,Inner London,2031,4082434
E13000001,Inner London,2032,4114059
E13000001,Inner London,2033,4144976
E13000001,Inner London,2034,4175372
E13000001,Inner London,2035,4204730
E13000001,Inner London,2036,4232419
E13000001,Inner London,2037,4258620
E13000001,Inner London,2038,4284516
E13000001,Inner London,2039,4309687
E13000001,Inner London,2040,4333810
E13000001,Inner London,2041,4357534
E13000001,Inner London,2042,4380025
E13000001,Inner London,2043,4401710
E13000001,Inner London,2044,4422228
E13000001,Inner London,2045,4442649
E13000001,Inner London,2046,4463189
E13000001,Inner London,2047,4483576
E13000001,Inner London,2048,4503392
E13000001,Inner London,2049,4520728
E13000001,Inner London,2050,4536953
E13000002,Outer London,1999,4403196
E13000002,Outer London,2000,4431763
E13000002,Outer London,2001,4463028
E13000002,Outer London,2002,4485748
E13000002,Outer London,2003,4496254
E13000002,Outer London,2004,4516818
E13000002,Outer London,2005,4561961
E13000002,Outer London,2006,4608155
E13000002,Outer London,2007,4662709
E13000002,Outer London,2008,4733247
E13000002,Outer London,2009,4808201
E13000002,Outer London,2010,4882067
E13000002,Outer London,2011,4969707
E13000002,Outer London,2012,5029804
E13000002,Outer London,2013,5087502
E13000002,Outer London,2014,5149436
E13000002,Outer London,2015,5208057
E13000002,Outer London,2016,5264948
E13000002,Outer London,2017,5328414
E13000002,Outer London,2018,5381816
E13000002,Outer London,2019,5432277
E13000002,Outer London,2020,5492769
E13000002,Outer London,2021,5551092
E13000002,Outer London,2022,5608104
E13000002,Outer London,2023,5663228
E13000002,Outer London,2024,5717576
E13000002,Outer London,2025,5765576
E13000002,Outer London,2026,5811462
E13000002,Outer London,2027,5856881
E13000002,Outer London,2028,5903269
E13000002,Outer London,2029,5949924
E13000002,Outer London,2030,5991032
E13000002,Outer London,2031,6031304
E13000002,Outer London,2032,6071980
E13000002,Outer London,2033,6112484
E13000002,Outer London,2034,6152435
E13000002,Outer London,2035,6192230
E13000002,Outer London,2036,6232369
E13000002,Outer London,2037,6272489
E13000002,Outer London,2038,6311596
E13000002,Outer London,2039,6349573
E13000002,Outer London,2040,6384923
E13000002,Outer London,2041,6418878
E13000002,Outer London,2042,6452241
E13000002,Outer London,2043,6484561
E13000002,Outer London,2044,6516091
E13000002,Outer London,2045,6545718
E13000002,Outer London,2046,6573194
E13000002,Outer London,2047,6598789
E13000002,Outer London,2048,6622921
E13000002,Outer London,2049,6647527
E13000002,Outer London,2050,6671295
